{
  "generation": 100,
  "best_sequence": [
    12,
    17,
    7,
    18,
    0,
    11,
    0,
    0,
    17,
    11,
    18,
    1,
    17,
    16,
    19
  ],
  "best_fitness": 97.91666666666666,
  "max_fitness_history": [
    91.66666666666666,
    92.36111111111111,
    95.13888888888889,
    95.13888888888889,
    95.13888888888889,
    95.13888888888889,
    95.13888888888889,
    95.13888888888889,
    95.13888888888889,
    95.13888888888889,
    95.13888888888889,
    95.13888888888889,
    95.13888888888889,
    95.13888888888889,
    95.13888888888889,
    95.13888888888889,
    95.83333333333334,
    95.83333333333334,
    95.83333333333334,
    96.52777777777779,
    96.52777777777779,
    96.52777777777779,
    96.52777777777779,
    96.52777777777779,
    96.52777777777779,
    96.52777777777779,
    96.52777777777779,
    96.52777777777779,
    96.52777777777779,
    96.52777777777779,
    96.52777777777779,
    96.52777777777779,
    96.52777777777779,
    96.52777777777779,
    96.52777777777779,
    96.52777777777779,
    96.52777777777779,
    96.52777777777779,
    96.52777777777779,
    96.52777777777779,
    97.91666666666666,
    97.91666666666666,
    97.91666666666666,
    97.91666666666666,
    97.91666666666666,
    97.91666666666666,
    97.91666666666666,
    97.91666666666666,
    97.91666666666666,
    97.91666666666666,
    97.91666666666666,
    97.91666666666666,
    97.91666666666666,
    97.91666666666666,
    97.91666666666666,
    97.91666666666666,
    97.91666666666666,
    97.91666666666666,
    97.91666666666666,
    97.91666666666666,
    97.91666666666666,
    97.91666666666666,
    97.91666666666666,
    97.91666666666666,
    97.91666666666666,
    97.91666666666666,
    97.91666666666666,
    97.91666666666666,
    97.91666666666666,
    97.91666666666666,
    97.91666666666666,
    97.91666666666666,
    97.91666666666666,
    97.91666666666666,
    97.91666666666666,
    97.91666666666666,
    97.91666666666666,
    97.91666666666666,
    97.91666666666666,
    97.91666666666666,
    97.91666666666666,
    97.91666666666666,
    97.91666666666666,
    97.91666666666666,
    97.91666666666666,
    97.91666666666666,
    97.91666666666666,
    97.91666666666666,
    97.91666666666666,
    97.91666666666666,
    97.91666666666666,
    97.91666666666666,
    97.91666666666666,
    97.91666666666666,
    97.91666666666666,
    97.91666666666666,
    97.91666666666666,
    97.91666666666666,
    97.91666666666666,
    97.91666666666666
  ],
  "avg_fitness_history": [
    87.4625,
    87.96111111111111,
    88.03541666666666,
    88.18680555555557,
    88.19027777777778,
    88.12152777777779,
    88.27916666666667,
    88.21388888888889,
    88.29861111111113,
    88.19861111111112,
    88.33680555555556,
    88.32777777777778,
    88.37638888888888,
    88.3125,
    88.31875,
    88.42222222222222,
    88.40555555555557,
    88.47430555555555,
    88.36458333333334,
    88.40347222222222,
    88.37291666666665,
    88.4875,
    88.45833333333334,
    88.49583333333334,
    88.43194444444444,
    88.55625,
    88.51944444444443,
    88.61874999999999,
    88.63055555555556,
    88.42847222222223,
    88.58333333333333,
    88.58402777777778,
    88.57847222222222,
    88.58611111111111,
    88.57291666666666,
    88.6673611111111,
    88.49791666666665,
    88.68680555555557,
    88.62222222222222,
    88.65763888888888,
    88.64305555555555,
    88.60138888888889,
    88.64027777777778,
    88.65416666666665,
    88.72430555555556,
    88.70763888888891,
    88.67916666666667,
    88.71805555555557,
    88.82083333333334,
    88.73402777777778,
    88.73333333333335,
    88.7201388888889,
    88.77916666666665,
    88.81805555555556,
    88.69305555555555,
    88.71805555555557,
    88.70625,
    88.7375,
    88.77361111111112,
    88.78055555555557,
    88.8013888888889,
    88.77569444444445,
    88.86180555555556,
    88.85208333333334,
    88.75347222222221,
    88.84930555555556,
    88.7923611111111,
    88.77916666666665,
    88.83888888888887,
    88.80694444444444,
    88.82083333333334,
    88.89375000000001,
    88.84166666666667,
    88.85347222222222,
    88.84444444444445,
    88.80555555555556,
    88.83125,
    88.9486111111111,
    88.97638888888889,
    88.88055555555556,
    88.8388888888889,
    88.88402777777777,
    88.89236111111111,
    88.8736111111111,
    88.88958333333335,
    88.83888888888889,
    88.92083333333335,
    88.99375,
    88.86319444444443,
    88.96527777777779,
    88.89375,
    88.92569444444443,
    88.81111111111109,
    88.92986111111111,
    88.9486111111111,
    88.93055555555554,
    88.92847222222223,
    88.84236111111109,
    88.9673611111111,
    89.08194444444443
  ],
  "diversity_history": [
    1.0,
    1.0,
    1.0,
    1.0,
    1.0,
    1.0,
    1.0,
    1.0,
    1.0,
    1.0,
    1.0,
    1.0,
    1.0,
    1.0,
    1.0,
    1.0,
    1.0,
    1.0,
    1.0,
    1.0,
    1.0,
    1.0,
    1.0,
    1.0,
    1.0,
    1.0,
    1.0,
    1.0,
    1.0,
    1.0,
    1.0,
    1.0,
    1.0,
    1.0,
    1.0,
    1.0,
    1.0,
    1.0,
    1.0,
    1.0,
    1.0,
    1.0,
    1.0,
    1.0,
    1.0,
    1.0,
    1.0,
    1.0,
    1.0,
    1.0,
    1.0,
    1.0,
    1.0,
    1.0,
    1.0,
    1.0,
    1.0,
    1.0,
    1.0,
    1.0,
    1.0,
    1.0,
    1.0,
    1.0,
    1.0,
    1.0,
    1.0,
    1.0,
    1.0,
    1.0,
    1.0,
    1.0,
    1.0,
    1.0,
    1.0,
    1.0,
    1.0,
    1.0,
    1.0,
    1.0,
    1.0,
    1.0,
    1.0,
    1.0,
    1.0,
    1.0,
    1.0,
    1.0,
    1.0,
    1.0,
    1.0,
    1.0,
    1.0,
    1.0,
    1.0,
    1.0,
    1.0,
    1.0,
    1.0,
    1.0
  ]
}