{
  "generation": 200,
  "best_sequence": [
    15,
    16,
    13,
    13,
    8,
    19,
    0,
    0,
    16,
    18,
    0,
    3,
    4,
    4,
    0
  ],
  "best_fitness": 200.0,
  "max_fitness_history": [
    93.05555555555556,
    93.05555555555556,
    93.05555555555556,
    93.05555555555556,
    93.05555555555556,
    97.22222222222221,
    97.22222222222221,
    97.22222222222221,
    97.22222222222221,
    97.22222222222221,
    97.22222222222221,
    97.22222222222221,
    97.22222222222221,
    97.22222222222221,
    97.22222222222221,
    97.22222222222221,
    97.22222222222221,
    97.22222222222221,
    97.22222222222221,
    97.22222222222221,
    97.22222222222221,
    97.22222222222221,
    97.22222222222221,
    97.22222222222221,
    97.22222222222221,
    97.22222222222221,
    97.22222222222221,
    97.22222222222221,
    97.22222222222221,
    97.22222222222221,
    97.22222222222221,
    97.22222222222221,
    97.22222222222221,
    97.22222222222221,
    97.22222222222221,
    97.22222222222221,
    97.22222222222221,
    97.22222222222221,
    97.22222222222221,
    97.22222222222221,
    97.22222222222221,
    97.22222222222221,
    97.22222222222221,
    97.22222222222221,
    97.22222222222221,
    97.22222222222221,
    97.22222222222221,
    97.22222222222221,
    97.22222222222221,
    97.22222222222221,
    97.22222222222221,
    97.22222222222221,
    97.22222222222221,
    97.22222222222221,
    97.22222222222221,
    97.22222222222221,
    97.22222222222221,
    97.22222222222221,
    97.22222222222221,
    97.22222222222221,
    97.22222222222221,
    97.22222222222221,
    97.22222222222221,
    97.22222222222221,
    97.22222222222221,
    97.22222222222221,
    97.22222222222221,
    97.22222222222221,
    97.22222222222221,
    97.22222222222221,
    97.22222222222221,
    97.22222222222221,
    97.22222222222221,
    97.22222222222221,
    97.22222222222221,
    97.22222222222221,
    97.22222222222221,
    97.22222222222221,
    97.22222222222221,
    97.22222222222221,
    97.22222222222221,
    97.22222222222221,
    97.22222222222221,
    97.22222222222221,
    97.22222222222221,
    97.22222222222221,
    97.22222222222221,
    97.91666666666666,
    97.91666666666666,
    97.91666666666666,
    97.91666666666666,
    97.91666666666666,
    97.91666666666666,
    97.91666666666666,
    97.91666666666666,
    97.91666666666666,
    97.91666666666666,
    97.91666666666666,
    97.91666666666666,
    97.91666666666666,
    97.91666666666666,
    97.91666666666666,
    97.91666666666666,
    97.91666666666666,
    97.91666666666666,
    97.91666666666666,
    97.91666666666666,
    97.91666666666666,
    97.91666666666666,
    97.91666666666666,
    97.91666666666666,
    97.91666666666666,
    97.91666666666666,
    98.61111111111111,
    98.61111111111111,
    98.61111111111111,
    98.61111111111111,
    98.61111111111111,
    98.61111111111111,
    98.61111111111111,
    98.61111111111111,
    98.61111111111111,
    98.61111111111111,
    98.61111111111111,
    98.61111111111111,
    98.61111111111111,
    98.61111111111111,
    98.61111111111111,
    98.61111111111111,
    98.61111111111111,
    98.61111111111111,
    98.61111111111111,
    98.61111111111111,
    98.61111111111111,
    98.61111111111111,
    98.61111111111111,
    98.61111111111111,
    98.61111111111111,
    200.0,
    200.0,
    200.0,
    200.0,
    200.0,
    200.0,
    200.0,
    200.0,
    200.0,
    200.0,
    200.0,
    200.0,
    200.0,
    200.0,
    200.0,
    200.0,
    200.0,
    200.0,
    200.0,
    200.0,
    200.0,
    200.0,
    200.0,
    200.0,
    200.0,
    200.0,
    200.0,
    200.0,
    200.0,
    200.0,
    200.0,
    200.0,
    200.0,
    200.0,
    200.0,
    200.0,
    200.0,
    200.0,
    200.0,
    200.0,
    200.0,
    200.0,
    200.0,
    200.0,
    200.0,
    200.0,
    200.0,
    200.0,
    200.0,
    200.0,
    200.0,
    200.0,
    200.0,
    200.0,
    200.0,
    200.0,
    200.0,
    200.0,
    200.0,
    200.0,
    200.0,
    200.0
  ],