{
  "generation": 100,
  "best_sequence": [
    11,
    13,
    5,
    8,
    13,
    17,
    19,
    0,
    0,
    12,
    12,
    4,
    9,
    1,
    6
  ],
  "best_fitness": 97.91666666666666,
  "max_fitness_history": [
    92.36111111111111,
    92.36111111111111,
    92.36111111111111,
    92.36111111111111,
    92.36111111111111,
    94.44444444444444,
    94.44444444444444,
    94.44444444444444,
    94.44444444444444,
    94.44444444444444,
    95.13888888888889,
    95.13888888888889,
    95.13888888888889,
    95.13888888888889,
    95.13888888888889,
    96.52777777777779,
    96.52777777777779,
    96.52777777777779,
    96.52777777777779,
    96.52777777777779,
    96.52777777777779,
    96.52777777777779,
    96.52777777777779,
    96.52777777777779,
    96.52777777777779,
    96.52777777777779,
    96.52777777777779,
    96.52777777777779,
    96.52777777777779,
    96.52777777777779,
    96.52777777777779,
    96.52777777777779,
    96.52777777777779,
    96.52777777777779,
    96.52777777777779,
    96.52777777777779,
    96.52777777777779,
    96.52777777777779,
    96.52777777777779,
    96.52777777777779,
    96.52777777777779,
    96.52777777777779,
    96.52777777777779,
    96.52777777777779,
    96.52777777777779,
    96.52777777777779,
    96.52777777777779,
    96.52777777777779,
    96.52777777777779,
    96.52777777777779,
    96.52777777777779,
    96.52777777777779,
    96.52777777777779,
    96.52777777777779,
    96.52777777777779,
    96.52777777777779,
    96.52777777777779,
    96.52777777777779,
    96.52777777777779,
    96.52777777777779,
    96.52777777777779,
    96.52777777777779,
    96.52777777777779,
    96.52777777777779,
    96.52777777777779,
    96.52777777777779,
    96.52777777777779,
    96.52777777777779,
    96.52777777777779,
    96.52777777777779,
    96.52777777777779,
    96.52777777777779,
    96.52777777777779,
    96.52777777777779,
    96.52777777777779,
    97.22222222222221,
    97.22222222222221,
    97.22222222222221,
    97.22222222222221,
    97.22222222222221,
    97.22222222222221,
    97.22222222222221,
    97.22222222222221,
    97.91666666666666,
    97.91666666666666,
    97.91666666666666,
    97.91666666666666,
    97.91666666666666,
    97.91666666666666,
    97.91666666666666,
    97.91666666666666,
    97.91666666666666,
    97.91666666666666,
    97.91666666666666,
    97.91666666666666,
    97.91666666666666,
    97.91666666666666,
    97.91666666666666,
    97.91666666666666,
    97.91666666666666
  ],
  "avg_fitness_history": [
    87.43125,
    87.92152777777777,
    88.02222222222223,
    88.03333333333335,
    88.08611111111112,
    88.11597222222223,
    88.24652777777779,
    88.2125,
    88.23333333333333,
    88.23194444444445,
    88.26458333333335,
    88.28541666666666,
    88.32986111111113,
    88.33333333333334,
    88.3138888888889,
    88.2611111111111,
    88.375,
    88.22777777777777,
    88.36319444444443,
    88.37430555555557,
    88.29722222222222,
    88.34097222222222,
    88.41527777777776,
    88.43263888888889,
    88.44375,
    88.37222222222222,
    88.35763888888889,
    88.41319444444444,
    88.37569444444443,
    88.41319444444444,
    88.53263888888891,
    88.47083333333335,
    88.48611111111111,
    88.41527777777777,
    88.57777777777778,
    88.46944444444443,
    88.5125,
    88.62222222222222,
    88.48125,
    88.57291666666667,
    88.54027777777777,
    88.57430555555557,
    88.57777777777778,
    88.525,
    88.6048611111111,
    88.54027777777777,
    88.5611111111111,
    88.5298611111111,
    88.63263888888889,
    88.59027777777779,
    88.61805555555556,
    88.64583333333334,
    88.73819444444443,
    88.74513888888887,
    88.75208333333333,
    88.62430555555555,
    88.78263888888888,
    88.76180555555557,
    88.71875,
    88.68402777777779,
    88.725,
    88.73541666666667,
    88.74375,
    88.75,
    88.84097222222222,
    88.70347222222222,
    88.71597222222222,
    88.81180555555557,
    88.70833333333334,
    88.82638888888887,
    88.74791666666667,
    88.78541666666666,
    88.88819444444444,
    88.73611111111113,
    88.90069444444444,
    88.84930555555556,
    88.84930555555556,
    88.8326388888889,
    88.8638888888889,
    88.87013888888889,
    88.84791666666668,
    88.8638888888889,
    88.88472222222222,
    88.96111111111112,
    88.82916666666665,
    88.87847222222221,
    88.81944444444444,
    88.8888888888889,
    88.8451388888889,
    88.87013888888887,
    88.89583333333334,
    88.8861111111111,
    88.93263888888889,
    89.03888888888889,
    89.00625,
    88.93819444444443,
    88.91319444444444,
    89.00625,
    88.94375,
    89.14305555555556
  ],
  "diversity_history": [
    1.0,
    1.0,
    1.0,
    1.0,
    1.0,
    1.0,
    1.0,
    1.0,
    1.0,
    1.0,
    1.0,
    1.0,
    1.0,
    1.0,
    1.0,
    1.0,
    1.0,
    1.0,
    1.0,
    1.0,
    1.0,
    1.0,
    1.0,
    1.0,
    1.0,
    1.0,
    1.0,
    1.0,
    1.0,
    1.0,
    1.0,
    1.0,
    1.0,
    1.0,
    1.0,
    1.0,
    1.0,
    1.0,
    1.0,
    1.0,
    1.0,
    1.0,
    1.0,
    1.0,
    1.0,
    1.0,
    1.0,
    1.0,
    1.0,
    1.0,
    1.0,
    1.0,
    1.0,
    1.0,
    1.0,
    1.0,
    1.0,
    1.0,
    1.0,
    1.0,
    1.0,
    1.0,
    1.0,
    1.0,
    1.0,
    1.0,
    1.0,
    1.0,
    1.0,
    1.0,
    1.0,
    1.0,
    1.0,
    1.0,
    1.0,
    1.0,
    1.0,
    1.0,
    1.0,
    1.0,
    1.0,
    1.0,
    1.0,
    1.0,
    1.0,
    1.0,
    1.0,
    1.0,
    1.0,
    1.0,
    1.0,
    1.0,
    1.0,
    1.0,
    1.0,
    1.0,
    1.0,
    1.0,
    1.0,
    1.0
  ]
}