{
  "generation": 100,
  "best_sequence": [
    4,
    16,
    20,
    2,
    4,
    0,
    5,
    1,
    0,
    19
  ],
  "best_fitness": 200.0,
  "max_fitness_history": [
    97.91666666666666,
    99.30555555555556,
    99.30555555555556,
    99.30555555555556,
    99.30555555555556,
    99.30555555555556,
    99.30555555555556,
    99.30555555555556,
    99.30555555555556,
    99.30555555555556,
    99.30555555555556,
    99.30555555555556,
    99.30555555555556,
    99.30555555555556,
    99.30555555555556,
    200.0,
    200.0,
    200.0,
    200.0,
    200.0,
    200.0,
    200.0,
    200.0,
    200.0,
    200.0,
    200.0,
    200.0,
    200.0,
    200.0,
    200.0,
    200.0,
    200.0,
    200.0,
    200.0,
    200.0,
    200.0,
    200.0,
    200.0,
    200.0,
    200.0,
    200.0,
    200.0,
    200.0,
    200.0,
    200.0,
    200.0,
    200.0,
    200.0,
    200.0,
    200.0,
    200.0,
    200.0,
    200.0,
    200.0,
    200.0,
    200.0,
    200.0,
    200.0,
    200.0,
    200.0,
    200.0,
    200.0,
    200.0,
    200.0,
    200.0,
    200.0,
    200.0,
    200.0,
    200.0,
    200.0,
    200.0,
    200.0,
    200.0,
    200.0,
    200.0,
    200.0,
    200.0,
    200.0,
    200.0,
    200.0,
    200.0,
    200.0,
    200.0,
    200.0,
    200.0,
    200.0,
    200.0,
    200.0,
    200.0,
    200.0,
    200.0,
    200.0,
    200.0,
    200.0,
    200.0,
    200.0,
    200.0,
    200.0,
    200.0,
    200.0
  ],
  "avg_fitness_history": [
    95.5625,
    96.56944444444446,
    96.68750000000001,
    97.19444444444441,
    97.1736111111111,
    97.18749999999999,
    97.46527777777776,
    96.93749999999996,
    97.62499999999999,
    97.65972222222223,
    98.05555555555554,
    97.54166666666666,
    97.68749999999999,
    97.75,
    97.95833333333331,
    98.84027777777779,
    98.79166666666664,
    99.26388888888887,
    102.7013888888889,
    111.59722222222223,
    137.38888888888889,
    157.4375,
    161.77083333333334,
    159.58333333333334,
    151.18750000000003,
    160.57638888888889,
    151.3888888888889,
    157.45138888888889,
    152.27777777777774,
    151.14583333333334,
    159.5277777777778,
    162.67361111111111,
    158.5277777777778,
    161.5763888888889,
    153.3263888888889,
    153.18055555555554,
    153.24305555555554,
    153.31250000000003,
    163.75694444444443,
    162.74305555555557,
    156.36805555555554,
    159.71527777777777,
    159.56944444444443,
    166.83333333333337,
    152.50694444444443,
    153.2777777777778,
    150.16666666666669,
    162.625,
    156.53472222222226,
    150.2361111111111,
    165.89583333333337,
    160.64583333333334,
    159.63888888888889,
    156.45138888888889,
    158.50000000000003,
    158.69444444444446,
    161.64583333333331,
    149.20833333333334,
    161.59722222222223,
    160.40277777777777,
    150.2152777777778,
    165.7777777777778,
    154.44444444444443,
    162.58333333333334,
    144.0625,
    157.59722222222226,
    157.54861111111111,
    162.64583333333331,
    160.76388888888889,
    159.63888888888889,
    148.18055555555557,
    153.25,
    157.61805555555554,
    157.5763888888889,
    155.45833333333331,
    160.625,
    163.8125,
    157.54861111111111,
    160.7638888888889,
    154.4375,
    153.29861111111111,
    160.80555555555557,
    159.73611111111111,
    158.30555555555554,
    157.43055555555557,
    159.54861111111111,
    154.40972222222223,
    161.54861111111111,
    155.20833333333331,
    159.57638888888889,
    158.63888888888889,
    155.42361111111114,
    159.58333333333334,
    147.24305555555557,
    150.06944444444446,
    151.29166666666669,
    154.45138888888889,
    156.3125,
    149.25000000000003,
    158.59722222222223
  ],
  "diversity_history": [
    1.0,
    0.99,
    0.98,
    0.96,
    0.94,
    0.91,
    0.95,
    0.93,
    0.79,
    0.64,
    0.6,
    0.66,
    0.68,
    0.6,
    0.65,
    0.65,
    0.7,
    0.77,
    0.7,
    0.8,
    0.74,
    0.72,
    0.69,
    0.75,
    0.74,
    0.67,
    0.77,
    0.63,
    0.68,
    0.72,
    0.66,
    0.69,
    0.73,
    0.72,
    0.76,
    0.75,
    0.79,
    0.77,
    0.64,
    0.67,
    0.76,
    0.76,
    0.74,
    0.73,
    0.85,
    0.82,
    0.81,
    0.77,
    0.84,
    0.81,
    0.73,
    0.82,
    0.8,
    0.8,
    0.79,
    0.81,
    0.74,
    0.77,
    0.7,
    0.76,
    0.83,
    0.72,
    0.78,
    0.77,
    0.83,
    0.73,
    0.76,
    0.72,
    0.72,
    0.8,
    0.89,
    0.82,
    0.8,
    0.78,
    0.76,
    0.73,
    0.77,
    0.86,
    0.83,
    0.89,
    0.88,
    0.81,
    0.83,
    0.72,
    0.68,
    0.73,
    0.73,
    0.72,
    0.68,
    0.67,
    0.65,
    0.62,
    0.65,
    0.83,
    0.74,
    0.76,
    0.71,
    0.67,
    0.76,
    0.7
  ]
}