{
  "generation": 100,
  "best_sequence": [
    20,
    3,
    17,
    17,
    0,
    18,
    3,
    3,
    15,
    19
  ],
  "best_fitness": 200.0,
  "max_fitness_history": [
    90.97222222222221,
    92.36111111111111,
    92.36111111111111,
    92.36111111111111,
    93.75,
    93.75,
    93.75,
    94.44444444444444,
    94.44444444444444,
    95.13888888888889,
    97.22222222222221,
    97.22222222222221,
    97.91666666666666,
    200.0,
    200.0,
    200.0,
    200.0,
    200.0,
    200.0,
    200.0,
    200.0,
    200.0,
    200.0,
    200.0,
    200.0,
    200.0,
    200.0,
    200.0,
    200.0,
    200.0,
    200.0,
    200.0,
    200.0,
    200.0,
    200.0,
    200.0,
    200.0,
    200.0,
    200.0,
    200.0,
    200.0,
    200.0,
    200.0,
    200.0,
    200.0,
    200.0,
    200.0,
    200.0,
    200.0,
    200.0,
    200.0,
    200.0,
    200.0,
    200.0,
    200.0,
    200.0,
    200.0,
    200.0,
    200.0,
    200.0,
    200.0,
    200.0,
    200.0,
    200.0,
    200.0,
    200.0,
    200.0,
    200.0,
    200.0,
    200.0,
    200.0,
    200.0,
    200.0,
    200.0,
    200.0,
    200.0,
    200.0,
    200.0,
    200.0,
    200.0,
    200.0,
    200.0,
    200.0,
    200.0,
    200.0,
    200.0,
    200.0,
    200.0,
    200.0,
    200.0,
    200.0,
    200.0,
    200.0,
    200.0,
    200.0,
    200.0,
    200.0,
    200.0,
    200.0,
    200.0
  ],
  "avg_fitness_history": [
    87.72083333333335,
    88.43055555555556,
    88.88125,
    89.02569444444445,
    89.14513888888891,
    89.32291666666667,
    89.48402777777777,
    89.58472222222223,
    89.98402777777778,
    89.91805555555555,
    90.125,
    90.27083333333334,
    90.72708333333334,
    91.02916666666665,
    91.17291666666667,
    91.88333333333331,
    93.20416666666667,
    94.48263888888889,
    96.97708333333334,
    102.8763888888889,
    115.79791666666668,
    141.27777777777774,
    142.95347222222222,
    146.1888888888889,
    143.53541666666666,
    143.88472222222225,
    143.50486111111113,
    143.0222222222222,
    144.95555555555555,
    147.49583333333334,
    145.775,
    147.4902777777778,
    144.88194444444443,
    143.68263888888887,
    146.50694444444443,
    144.3215277777778,
    147.11180555555555,
    145.59375,
    147.35277777777776,
    143.24861111111113,
    143.75694444444443,
    145.34444444444443,
    146.0284722222222,
    146.75972222222222,
    146.30138888888888,
    147.2791666666667,
    147.59583333333333,
    146.3104166666667,
    149.17083333333335,
    145.4236111111111,
    148.37847222222223,
    149.49166666666667,
    146.27222222222224,
    148.2909722222222,
    148.67430555555555,
    146.5847222222222,
    149.875,
    148.68680555555557,
    148.43402777777777,
    150.05625,
    148.28125,
    145.6875,
    147.33541666666667,
    150.57708333333332,
    147.15694444444443,
    146.98263888888889,
    150.83541666666665,
    149.04097222222222,
    146.60625,
    146.74305555555557,
    145.43402777777774,
    147.8729166666667,
    146.125,
    149.01458333333335,
    146.87847222222223,
    144.86944444444444,
    149.05694444444444,
    149.07291666666666,
    146.82986111111111,
    149.23055555555555,
    148.29097222222222,
    147.86111111111111,
    148.56805555555556,
    148.88888888888889,
    150.4416666666667,
    147.87847222222226,
    147.04305555555555,
    147.10902777777778,
    149.21666666666667,
    148.59722222222226,
    148.06527777777777,
    150.96527777777774,
    145.95416666666668,
    148.1847222222222,
    146.89791666666667,
    149.14236111111111,
    150.03055555555557,
    148.41944444444445,
    147.93819444444443,
    147.41736111111112
  ],
  "diversity_history": [
    1.0,
    0.994,
    0.99,
    0.995,
    0.987,
    0.983,
    0.978,
    0.968,
    0.956,
    0.948,
    0.929,
    0.932,
    0.902,
    0.87,
    0.858,
    0.835,
    0.78,
    0.767,
    0.761,
    0.748,
    0.691,
    0.627,
    0.622,
    0.612,
    0.647,
    0.646,
    0.651,
    0.645,
    0.653,
    0.639,
    0.655,
    0.657,
    0.671,
    0.666,
    0.673,
    0.689,
    0.643,
    0.644,
    0.634,
    0.656,
    0.661,
    0.651,
    0.629,
    0.648,
    0.651,
    0.646,
    0.643,
    0.633,
    0.635,
    0.663,
    0.645,
    0.644,
    0.662,
    0.637,
    0.626,
    0.652,
    0.63,
    0.647,
    0.673,
    0.664,
    0.675,
    0.7,
    0.687,
    0.65,
    0.658,
    0.654,
    0.621,
    0.632,
    0.646,
    0.649,
    0.662,
    0.665,
    0.676,
    0.669,
    0.681,
    0.711,
    0.692,
    0.704,
    0.735,
    0.711,
    0.721,
    0.737,
    0.752,
    0.741,
    0.728,
    0.755,
    0.75,
    0.75,
    0.751,
    0.75,
    0.764,
    0.75,
    0.781,
    0.765,
    0.782,
    0.739,
    0.74,
    0.765,
    0.763,
    0.776
  ]
}