{
  "generation": 100,
  "best_sequence": [
    17,
    16,
    2,
    17,
    11,
    13,
    13,
    10,
    0,
    20
  ],
  "best_fitness": 95.83333333333334,
  "max_fitness_history": [
    93.75,
    93.75,
    93.75,
    93.75,
    93.75,
    93.75,
    94.44444444444444,
    94.44444444444444,
    94.44444444444444,
    94.44444444444444,
    94.44444444444444,
    94.44444444444444,
    94.44444444444444,
    94.44444444444444,
    94.44444444444444,
    94.44444444444444,
    94.44444444444444,
    94.44444444444444,
    94.44444444444444,
    94.44444444444444,
    94.44444444444444,
    94.44444444444444,
    94.44444444444444,
    94.44444444444444,
    94.44444444444444,
    94.44444444444444,
    94.44444444444444,
    94.44444444444444,
    94.44444444444444,
    94.44444444444444,
    94.44444444444444,
    94.44444444444444,
    94.44444444444444,
    94.44444444444444,
    94.44444444444444,
    94.44444444444444,
    94.44444444444444,
    94.44444444444444,
    94.44444444444444,
    94.44444444444444,
    94.44444444444444,
    94.44444444444444,
    94.44444444444444,
    94.44444444444444,
    94.44444444444444,
    94.44444444444444,
    94.44444444444444,
    94.44444444444444,
    94.44444444444444,
    94.44444444444444,
    94.44444444444444,
    94.44444444444444,
    94.44444444444444,
    94.44444444444444,
    94.44444444444444,
    94.44444444444444,
    94.44444444444444,
    94.44444444444444,
    95.13888888888889,
    95.83333333333334,
    95.83333333333334,
    95.83333333333334,
    95.83333333333334,
    95.83333333333334,
    95.83333333333334,
    95.83333333333334,
    95.83333333333334,
    95.83333333333334,
    95.83333333333334,
    95.83333333333334,
    95.83333333333334,
    95.83333333333334,
    95.83333333333334,
    95.83333333333334,
    95.83333333333334,
    95.83333333333334,
    95.83333333333334,
    95.83333333333334,
    95.83333333333334,
    95.83333333333334,
    95.83333333333334,
    95.83333333333334,
    95.83333333333334,
    95.83333333333334,
    95.83333333333334,
    95.83333333333334,
    95.83333333333334,
    95.83333333333334,
    95.83333333333334,
    95.83333333333334,
    95.83333333333334,
    95.83333333333334,
    95.83333333333334,
    95.83333333333334,
    95.83333333333334,
    95.83333333333334,
    95.83333333333334,
    95.83333333333334,
    95.83333333333334,
    95.83333333333334
  ],
  "avg_fitness_history": [
    91.32638888888889,
    91.87499999999999,
    91.9375,
    92.31249999999999,
    92.43749999999999,
    92.85416666666666,
    92.91666666666669,
    93.13194444444446,
    93.31944444444443,
    93.45138888888887,
    93.74305555555557,
    93.79166666666669,
    93.60416666666666,
    93.53472222222223,
    93.47222222222221,
    93.69444444444447,
    93.43055555555554,
    93.71527777777776,
    93.67361111111113,
    93.54861111111113,
    93.6388888888889,
    93.6111111111111,
    93.41666666666669,
    93.45138888888889,
    93.63194444444446,
    93.05555555555554,
    93.36805555555554,
    93.36805555555559,
    93.61805555555554,
    93.60416666666666,
    93.39583333333331,
    93.5,
    93.61111111111111,
    93.56944444444443,
    93.57638888888887,
    93.75000000000001,
    93.62499999999999,
    93.68750000000004,
    93.78472222222223,
    93.82638888888887,
    93.65277777777779,
    93.6875,
    93.625,
    93.63194444444446,
    93.89583333333334,
    93.47916666666669,
    93.65277777777777,
    93.57638888888889,
    93.5833333333333,
    93.68750000000004,
    93.62499999999999,
    93.66666666666669,
    93.63194444444447,
    93.68055555555557,
    93.71527777777776,
    93.65972222222221,
    93.68055555555557,
    93.75694444444443,
    93.68749999999999,
    93.35416666666666,
    93.61111111111113,
    93.45138888888893,
    93.63194444444447,
    94.1388888888889,
    94.23611111111111,
    94.39583333333336,
    94.44444444444447,
    94.47916666666669,
    94.67361111111113,
    94.78472222222226,
    94.49305555555557,
    94.49305555555559,
    94.56250000000001,
    94.50694444444447,
    94.3888888888889,
    94.6388888888889,
    94.56944444444447,
    94.30555555555553,
    94.63888888888889,
    94.45833333333336,
    94.34027777777777,
    94.61805555555559,
    94.72222222222223,
    94.77777777777779,
    94.56250000000001,
    94.66666666666666,
    94.34722222222224,
    94.26388888888893,
    94.67361111111113,
    94.65972222222223,
    94.75694444444446,
    94.42361111111111,
    94.13194444444446,
    94.80555555555559,
    94.49305555555559,
    94.5763888888889,
    94.40972222222223,
    94.24305555555554,
    94.5486111111111,
    94.28472222222223
  ],
  "diversity_history": [
    1.0,
    0.99,
    0.97,
    0.93,
    0.95,
    0.9,
    0.92,
    0.91,
    0.9,
    0.85,
    0.76,
    0.83,
    0.83,
    0.82,
    0.81,
    0.86,
    0.84,
    0.8,
    0.81,
    0.9,
    0.86,
    0.89,
    0.94,
    0.88,
    0.89,
    0.91,
    0.87,
    0.91,
    0.89,
    0.9,
    0.9,
    0.91,
    0.89,
    0.9,
    0.79,
    0.89,
    0.89,
    0.88,
    0.86,
    0.83,
    0.87,
    0.88,
    0.87,
    0.9,
    0.86,
    0.93,
    0.89,
    0.92,
    0.88,
    0.95,
    0.92,
    0.88,
    0.88,
    0.91,
    0.89,
    0.88,
    0.89,
    0.9,
    0.88,
    0.9,
    0.94,
    0.88,
    0.84,
    0.65,
    0.62,
    0.69,
    0.73,
    0.71,
    0.65,
    0.76,
    0.74,
    0.76,
    0.68,
    0.72,
    0.69,
    0.75,
    0.81,
    0.86,
    0.79,
    0.84,
    0.89,
    0.76,
    0.8,
    0.75,
    0.75,
    0.83,
    0.83,
    0.87,
    0.8,
    0.77,
    0.81,
    0.81,
    0.78,
    0.7,
    0.81,
    0.82,
    0.85,
    0.83,
    0.72,
    0.79
  ]
}