{
  "generation": 300,
  "best_sequence": [
    20,
    3,
    17,
    17,
    0,
    18,
    3,
    3,
    15,
    19
  ],
  "best_fitness": 200.0,
  "max_fitness_history": [
    90.97222222222221,
    92.36111111111111,
    92.36111111111111,
    92.36111111111111,
    93.75,
    93.75,
    93.75,
    94.44444444444444,
    94.44444444444444,
    95.13888888888889,
    97.22222222222221,
    97.22222222222221,
    97.91666666666666,
    200.0,
    200.0,
    200.0,
    200.0,
    200.0,
    200.0,
    200.0,
    200.0,
    200.0,
    200.0,
    200.0,
    200.0,
    200.0,
    200.0,
    200.0,
    200.0,
    200.0,
    200.0,
    200.0,
    200.0,
    200.0,
    200.0,
    200.0,
    200.0,
    200.0,
    200.0,
    200.0,
    200.0,
    200.0,
    200.0,
    200.0,
    200.0,
    200.0,
    200.0,
    200.0,
    200.0,
    200.0,
    200.0,
    200.0,
    200.0,
    200.0,
    200.0,
    200.0,
    200.0,
    200.0,
    200.0,
    200.0,
    200.0,
    200.0,
    200.0,
    200.0,
    200.0,
    200.0,
    200.0,
    200.0,
    200.0,
    200.0,
    200.0,
    200.0,
    200.0,
    200.0,
    200.0,
    200.0,
    200.0,
    200.0,
    200.0,
    200.0,
    200.0,
    200.0,
    200.0,
    200.0,
    200.0,
    200.0,
    200.0,
    200.0,
    200.0,
    200.0,
    200.0,
    200.0,
    200.0,
    200.0,
    200.0,
    200.0,
    200.0,
    200.0,
    200.0,
    200.0,
    200.0,
    200.0,
    200.0,
    200.0,
    200.0,
    200.0,
    200.0,
    200.0,
    200.0,
    200.0,
    200.0,
    200.0,
    200.0,
    200.0,
    200.0,
    200.0,
    200.0,
    200.0,
    200.0,
    200.0,
    200.0,
    200.0,
    200.0,
    200.0,
    200.0,
    200.0,
    200.0,
    200.0,
    200.0,
    200.0,
    200.0,
    200.0,
    200.0,
    200.0,
    200.0,
    200.0,
    200.0,
    200.0,
    200.0,
    200.0,
    200.0,
    200.0,
    200.0,
    200.0,
    200.0,
    200.0,
    200.0,
    200.0,
    200.0,
    200.0,
    200.0,
    200.0,
    200.0,
    200.0,
    200.0,
    200.0,
    200.0,
    200.0,
    200.0,
    200.0,
    200.0,
    200.0,
    200.0,
    200.0,
    200.0,
    200.0,
    200.0,
    200.0,
    200.0,
    200.0,
    200.0,
    200.0,
    200.0,
    200.0,
    200.0,
    200.0,
    200.0,
    200.0,
    200.0,
    200.0,
    200.0,
    200.0,
    200.0,
    200.0,
    200.0,
    200.0,
    200.0,
    200.0,
    200.0,
    200.0,
    200.0,
    200.0,
    200.0,
    200.0,
    200.0,
    200.0,
    200.0,
    200.0,
    200.0,
    200.0,
    200.0,
    200.0,
    200.0,
    200.0,
    200.0,
    200.0,
    200.0,
    200.0,
    200.0,
    200.0,
    200.0,
    200.0,
    200.0,
    200.0,
    200.0,
    200.0,
    200.0,
    200.0,
    200.0,
    200.0,
    200.0,
    200.0,
    200.0,
    200.0,
    200.0,
    200.0,
    200.0,
    200.0,
    200.0,
    200.0,
    200.0,
    200.0,
    200.0,
    200.0,
    200.0,
    200.0,
    200.0,
    200.0,
    200.0,
    200.0,
    200.0,
    200.0,
    200.0,
    200.0,
    200.0,
    200.0,
    200.0,
    200.0,
    200.0,
    200.0,
    200.0,
    200.0,
    200.0,
    200.0,
    200.0,
    200.0,
    200.0,
    200.0,
    200.0,
    200.0,
    200.0,
    200.0,
    200.0,
    200.0,
    200.0,
    200.0,
    200.0,
    200.0,
    200.0,
    200.0,
    200.0,
    200.0,
    200.0,
    200.0,
    200.0,
    200.0,
    200.0,
    200.0,
    200.0,
    200.0,
    200.0,
    200.0,
    200.0,
    200.0,
    200.0,
    200.0,
    200.0,
    200.0,
    200.0,
    200.0,
    200.0,
    200.0,
    200.0,
    200.0,
    200.0,
    200.0,
    200.0,
    200.0,
    200.0,
    200.0
  ],
  "avg_fitness_history": [
    87.72083333333335,
    88.43055555555556,
    88.88125,
    89.02569444444445,
    89.14513888888891,
    89.32291666666667,
    89.48402777777777,
    89.58472222222223,
    89.98402777777778,
    89.91805555555555,
    90.125,
    90.27083333333334,
    90.72708333333334,
    91.02916666666665,
    91.17291666666667,
    91.88333333333331,
    93.20416666666667,
    94.48263888888889,
    96.97708333333334,
    102.8763888888889,
    115.79791666666668,
    141.27777777777774,
    142.95347222222222,
    146.1888888888889,
    143.53541666666666,
    143.88472222222225,
    143.50486111111113,
    143.0222222222222,
    144.95555555555555,
    147.49583333333334,
    145.775,
    147.4902777777778,
    144.88194444444443,
    143.68263888888887,
    146.50694444444443,
    144.3215277777778,
    147.11180555555555,
    145.59375,
    147.35277777777776,
    143.24861111111113,
    143.75694444444443,
    145.34444444444443,
    146.0284722222222,
    146.75972222222222,
    146.30138888888888,
    147.2791666666667,
    147.59583333333333,
    146.3104166666667,
    149.17083333333335,
    145.4236111111111,
    148.37847222222223,
    149.49166666666667,
    146.27222222222224,
    148.2909722222222,
    148.67430555555555,
    146.5847222222222,
    149.875,
    148.68680555555557,
    148.43402777777777,
    150.05625,
    148.28125,
    145.6875,
    147.33541666666667,
    150.57708333333332,
    147.15694444444443,
    146.98263888888889,
    150.83541666666665,
    149.04097222222222,
    146.60625,
    146.74305555555557,
    145.43402777777774,
    147.8729166666667,
    146.125,
    149.01458333333335,
    146.87847222222223,
    144.86944444444444,
    149.05694444444444,
    149.07291666666666,
    146.82986111111111,
    149.23055555555555,
    148.29097222222222,
    147.86111111111111,
    148.56805555555556,
    148.88888888888889,
    150.4416666666667,
    147.87847222222226,
    147.04305555555555,
    147.10902777777778,
    149.21666666666667,
    148.59722222222226,
    148.06527777777777,
    150.96527777777774,
    145.95416666666668,
    148.1847222222222,
    146.89791666666667,
    149.14236111111111,
    150.03055555555557,
    148.41944444444445,
    147.93819444444443,
    147.41736111111112,
    147.3527777777778,
    150.625,
    147.00486111111113,
    147.2138888888889,
    148.08055555555555,
    147.65,
    147.99722222222223,
    148.8152777777778,
    147.65972222222226,
    146.82430555555555,
    147.5916666666667,
    149.11180555555555,
    147.28680555555556,
    149.5798611111111,
    147.73611111111111,
    149.79166666666669,
    145.54513888888889,
    147.01041666666669,
    149.01944444444445,
    148.48611111111111,
    148.32013888888886,
    147.30138888888888,
    149.80694444444444,
    147.93680555555557,
    148.23194444444445,
    148.13472222222222,
    146.03402777777777,
    146.58819444444444,
    149.64583333333334,
    148.12361111111113,
    146.90694444444443,
    147.98402777777775,
    147.16875,
    149.88680555555555,
    146.81319444444443,
    151.14097222222225,
    148.1916666666667,
    147.89305555555555,
    146.9979166666667,
    150.00069444444443,
    146.66875,
    149.06180555555557,
    148.43125,
    148.63680555555555,
    148.79652777777778,
    147.38541666666666,
    148.35833333333335,
    148.19583333333333,
    148.20208333333332,
    148.53194444444443,
    148.42152777777775,
    149.92847222222218,
    147.0090277777778,
    150.06875,
    149.11944444444444,
    148.1027777777778,
    148.48125,
    148.47083333333333,
    148.43680555555557,
    150.2375,
    147.87986111111113,
    145.36527777777775,
    146.75833333333335,
    146.95347222222222,
    148.76388888888889,
    149.09652777777782,
    148.7409722222222,
    148.73472222222225,
    150.31597222222223,
    148.64444444444445,
    148.16388888888886,
    143.06458333333333,
    147.75763888888886,
    147.32430555555555,
    149.6375,
    150.09861111111113,
    148.96180555555557,
    150.13263888888886,
    146.7409722222222,
    147.80625,
    147.21736111111113,
    149.54652777777778,
    146.83541666666667,
    150.60694444444445,
    147.00277777777777,
    148.37638888888887,
    151.30208333333334,
    150.57430555555555,
    148.19583333333333,
    149.04861111111111,
    149.3166666666667,
    147.19583333333335,
