{
  "generation": 100,
  "best_sequence": [
    11,
    19,
    0,
    15,
    2,
    19,
    15,
    19,
    16,
    20
  ],
  "best_fitness": 96.52777777777779,
  "max_fitness_history": [
    93.75,
    94.44444444444444,
    94.44444444444444,
    94.44444444444444,
    94.44444444444444,
    94.44444444444444,
    94.44444444444444,
    94.44444444444444,
    94.44444444444444,
    94.44444444444444,
    94.44444444444444,
    94.44444444444444,
    94.44444444444444,
    94.44444444444444,
    94.44444444444444,
    94.44444444444444,
    95.13888888888889,
    95.13888888888889,
    95.13888888888889,
    95.13888888888889,
    95.13888888888889,
    95.13888888888889,
    95.13888888888889,
    95.83333333333334,
    95.83333333333334,
    95.83333333333334,
    95.83333333333334,
    95.83333333333334,
    95.83333333333334,
    95.83333333333334,
    95.83333333333334,
    96.52777777777779,
    96.52777777777779,
    96.52777777777779,
    96.52777777777779,
    96.52777777777779,
    96.52777777777779,
    96.52777777777779,
    96.52777777777779,
    96.52777777777779,
    96.52777777777779,
    96.52777777777779,
    96.52777777777779,
    96.52777777777779,
    96.52777777777779,
    96.52777777777779,
    96.52777777777779,
    96.52777777777779,
    96.52777777777779,
    96.52777777777779,
    96.52777777777779,
    96.52777777777779,
    96.52777777777779,
    96.52777777777779,
    96.52777777777779,
    96.52777777777779,
    96.52777777777779,
    96.52777777777779,
    96.52777777777779,
    96.52777777777779,
    96.52777777777779,
    96.52777777777779,
    96.52777777777779,
    96.52777777777779,
    96.52777777777779,
    96.52777777777779,
    96.52777777777779,
    96.52777777777779,
    96.52777777777779,
    96.52777777777779,
    96.52777777777779,
    96.52777777777779,
    96.52777777777779,
    96.52777777777779,
    96.52777777777779,
    96.52777777777779,
    96.52777777777779,
    96.52777777777779,
    96.52777777777779,
    96.52777777777779,
    96.52777777777779,
    96.52777777777779,
    96.52777777777779,
    96.52777777777779,
    96.52777777777779,
    96.52777777777779,
    96.52777777777779,
    96.52777777777779,
    96.52777777777779,
    96.52777777777779,
    96.52777777777779,
    96.52777777777779,
    96.52777777777779,
    96.52777777777779,
    96.52777777777779,
    96.52777777777779,
    96.52777777777779,
    96.52777777777779,
    96.52777777777779,
    96.52777777777779
  ],
  "avg_fitness_history": [
    91.32638888888889,
    91.94444444444443,
    92.4236111111111,
    92.8333333333333,
    92.88888888888889,
    92.90972222222223,
    92.81944444444443,
    93.21527777777777,
    93.20833333333331,
    93.2013888888889,
    93.41666666666669,
    93.59722222222224,
    93.68055555555557,
    93.57638888888889,
    93.85416666666669,
    93.65277777777777,
    93.65277777777777,
    93.5763888888889,
    93.74305555555559,
    93.70138888888889,
    93.68055555555557,
    93.65972222222223,
    93.81944444444446,
    93.94444444444443,
    93.93055555555554,
    94.20138888888889,
    94.22222222222221,
    94.17361111111111,
    94.36805555555554,
    94.1875,
    94.10416666666666,
    94.20833333333334,
    94.50694444444447,
    94.49305555555557,
    94.34722222222223,
    94.4513888888889,
    94.55555555555554,
    94.7986111111111,
    94.42361111111111,
    94.81944444444446,
    94.70138888888889,
    94.77083333333334,
    94.75,
    94.47916666666666,
    94.74999999999999,
    94.97916666666666,
    94.9513888888889,
    95.03472222222223,
    95.0625,
    94.75000000000001,
    94.55555555555559,
    94.65972222222223,
    94.71527777777779,
    94.28472222222223,
    94.29166666666669,
    94.72222222222223,
    94.57638888888889,
    94.48611111111113,
    94.76388888888889,
    94.98611111111111,
    94.44444444444443,
    94.48611111111111,
    94.72916666666666,
    94.97222222222223,
    94.36805555555557,
    94.46527777777777,
    94.67361111111113,
    94.59027777777777,
    95.10416666666669,
    95.04861111111113,
    94.4861111111111,
    94.31944444444446,
    94.54861111111113,
    94.53472222222223,
    95.01388888888889,
    94.59722222222223,
    95.11805555555559,
    94.34722222222223,
    94.88194444444443,
    95.11805555555559,
    94.55555555555557,
    95.20833333333331,
    95.02777777777779,
    94.71527777777777,
    94.99305555555557,
    94.60416666666666,
    94.52777777777777,
    94.58333333333334,
    94.29166666666669,
    94.93750000000004,
    94.36111111111111,
    94.91666666666666,
    94.875,
    94.78472222222223,
    95.15972222222223,
    94.66666666666669,
    94.85416666666666,
    94.42361111111111,
    94.25694444444446,
    94.30555555555554
  ],
  "diversity_history": [
    1.0,
    0.99,
    0.98,
    0.95,
    0.95,
    0.95,
    0.96,
    0.81,
    0.85,
    0.87,
    0.87,
    0.84,
    0.85,
    0.8,
    0.83,
    0.87,
    0.87,
    0.89,
    0.97,
    0.88,
    0.89,
    0.74,
    0.56,
    0.58,
    0.6,
    0.56,
    0.74,
    0.73,
    0.71,
    0.69,
    0.67,
    0.68,
    0.61,
    0.63,
    0.68,
    0.67,
    0.5,
    0.61,
    0.61,
    0.56,
    0.54,
    0.49,
    0.55,
    0.56,
    0.54,
    0.55,
    0.58,
    0.51,
    0.55,
    0.56,
    0.62,
    0.57,
    0.59,
    0.65,
    0.63,
    0.62,
    0.65,
    0.67,
    0.65,
    0.6,
    0.7,
    0.63,
    0.66,
    0.6,
    0.66,
    0.68,
    0.62,
    0.66,
    0.62,
    0.63,
    0.75,
    0.74,
    0.68,
    0.68,
    0.67,
    0.65,
    0.57,
    0.67,
    0.58,
    0.67,
    0.7,
    0.6,
    0.6,
    0.67,
    0.61,
    0.63,
    0.66,
    0.63,
    0.63,
    0.53,
    0.69,
    0.67,
    0.65,
    0.53,
    0.61,
    0.63,
    0.65,
    0.63,
    0.66,
    0.6
  ]
}