{
  "generation": 100,
  "best_sequence": [
    7,
    19,
    3,
    19,
    6,
    0,
    4,
    5,
    4,
    0,
    14,
    1,
    17,
    10,
    5,
    2,
    12,
    7,
    8,
    0,
    17,
    13,
    1,
    16,
    15,
    1,
    10,
    17,
    18,
    15,
    6,
    6,
    14,
    3,
    20,
    4,
    13,
    19,
    9,
    20,
    17,
    6,
    20,
    15,
    6,
    0,
    18,
    2,
    10,
    18,
    17,
    20,
    1,
    6,
    20
  ],
  "best_fitness": 95.83333333333334,
  "max_fitness_history": [
    93.05555555555556,
    93.05555555555556,
    93.05555555555556,
    93.05555555555556,
    93.05555555555556,
    93.75,
    93.75,
    93.75,
    93.75,
    93.75,
    93.75,
    93.75,
    93.75,
    93.75,
    93.75,
    93.75,
    93.75,
    93.75,
    93.75,
    93.75,
    93.75,
    93.75,
    95.13888888888889,
    95.13888888888889,
    95.13888888888889,
    95.13888888888889,
    95.13888888888889,
    95.13888888888889,
    95.13888888888889,
    95.13888888888889,
    95.13888888888889,
    95.13888888888889,
    95.13888888888889,
    95.13888888888889,
    95.13888888888889,
    95.13888888888889,
    95.13888888888889,
    95.13888888888889,
    95.13888888888889,
    95.13888888888889,
    95.13888888888889,
    95.13888888888889,
    95.13888888888889,
    95.13888888888889,
    95.13888888888889,
    95.13888888888889,
    95.13888888888889,
    95.13888888888889,
    95.13888888888889,
    95.13888888888889,
    95.13888888888889,
    95.13888888888889,
    95.13888888888889,
    95.13888888888889,
    95.13888888888889,
    95.13888888888889,
    95.13888888888889,
    95.13888888888889,
    95.13888888888889,
    95.13888888888889,
    95.13888888888889,
    95.13888888888889,
    95.13888888888889,
    95.13888888888889,
    95.13888888888889,
    95.13888888888889,
    95.13888888888889,
    95.13888888888889,
    95.13888888888889,
    95.13888888888889,
    95.83333333333334,
    95.83333333333334,
    95.83333333333334,
    95.83333333333334,
    95.83333333333334,
    95.83333333333334,
    95.83333333333334,
    95.83333333333334,
    95.83333333333334,
    95.83333333333334,
    95.83333333333334,
    95.83333333333334,
    95.83333333333334,
    95.83333333333334,
    95.83333333333334,
    95.83333333333334,
    95.83333333333334,
    95.83333333333334,
    95.83333333333334,
    95.83333333333334,
    95.83333333333334,
    95.83333333333334,
    95.83333333333334,
    95.83333333333334,
    95.83333333333334,
    95.83333333333334,
    95.83333333333334,
    95.83333333333334,
    95.83333333333334,
    95.83333333333334
  ],
  "avg_fitness_history": [
    83.71805555555557,
    85.08472222222223,
    84.96319444444445,
    85.14166666666667,
    85.05902777777779,
    85.36666666666667,
    85.30833333333332,
    85.39583333333333,
    85.26736111111113,
    84.98125,
    85.23888888888891,
    85.18125,
    85.35694444444444,
    85.31666666666668,
    85.2013888888889,
    85.32986111111111,
    85.43125,
    85.49652777777779,
    85.54305555555557,
    85.5027777777778,
    85.20902777777778,
    85.27361111111111,
    85.43472222222222,
    85.15138888888889,
    85.13402777777777,
    85.4125,
    85.42847222222223,
    85.40347222222222,
    85.51180555555555,
    85.47777777777777,
    85.575,
    85.58888888888889,
    85.48541666666667,
    85.67777777777778,
    85.49027777777778,
    85.42708333333333,
    85.67569444444443,
    85.55694444444444,
    85.45972222222223,
    85.37638888888888,
    85.5625,
    85.55902777777779,
    85.52222222222223,
    85.52361111111111,
    85.43402777777779,
    85.49999999999999,
    85.51944444444443,
    85.62083333333332,
    85.41458333333333,
    85.62152777777779,
    85.78402777777778,
    85.60694444444444,
    85.69791666666666,
    85.6263888888889,
    85.75555555555555,
    85.49305555555556,
    85.29791666666665,
    85.59444444444443,
    85.67013888888889,
    85.66875,
    85.44791666666666,
    85.3,
    85.92708333333333,
    85.77708333333332,
    85.41527777777777,
    85.65833333333333,
    85.74652777777779,
    85.5736111111111,
    85.83958333333332,
    85.63541666666666,
    85.78402777777778,
    85.51875,
    85.66944444444444,
    85.85416666666666,
    85.54375,
    85.49305555555554,
    85.56944444444444,
    85.62222222222222,
    85.59791666666666,
    85.78541666666668,
    86.07708333333333,
    85.87777777777778,
    85.67916666666666,
    85.73263888888887,
    85.59375,
    85.39583333333334,
    85.50902777777777,
    85.65069444444444,
    85.66666666666666,
    85.40277777777779,
    85.68333333333332,
    85.67569444444443,
    85.52916666666665,
    85.80625,
    85.57013888888888,
    85.74236111111111,
    85.68888888888888,
    85.65,
    85.67638888888888,
    85.71388888888889
  ],
  "diversity_history": [
    1.0,
    1.0,
    1.0,
    1.0,
    1.0,
    1.0,
    1.0,
    1.0,
    1.0,
    1.0,
    1.0,
    1.0,
    1.0,
    1.0,
    1.0,
    1.0,
    1.0,
    1.0,
    1.0,
    1.0,
    1.0,
    1.0,
    1.0,
    1.0,
    1.0,
    1.0,
    1.0,
    1.0,
    1.0,
    1.0,
    1.0,
    1.0,
    1.0,
    1.0,
    1.0,
    1.0,
    1.0,
    1.0,
    1.0,
    1.0,
    1.0,
    1.0,
    1.0,
    1.0,
    1.0,
    1.0,
    1.0,
    1.0,
    1.0,
    1.0,
    1.0,
    1.0,
    1.0,
    1.0,
    1.0,
    1.0,
    1.0,
    1.0,
    1.0,
    1.0,
    1.0,
    1.0,
    1.0,
    1.0,
    1.0,
    1.0,
    1.0,
    1.0,
    1.0,
    1.0,
    1.0,
    1.0,
    1.0,
    1.0,
    1.0,
    1.0,
    1.0,
    1.0,
    1.0,
    1.0,
    1.0,
    1.0,
    1.0,
    1.0,
    1.0,
    1.0,
    1.0,
    1.0,
    1.0,
    1.0,
    1.0,
    1.0,
    1.0,
    1.0,
    1.0,
    1.0,
    1.0,
    1.0,
    1.0,
    1.0
  ]
}