{"rewards": [-469.2873890399933, -565.9027035236359, -603.4093405008316, -268.65530213713646, -531.0022294819355, -508.4928296804428, -252.45488312840462, -321.3061488866806, -390.04547905921936, -267.1928733289242, -317.42727890610695, -319.76197439432144, -269.4131917357445, -181.63889226317406, -153.22643154859543, -158.93093191087246, -136.8412008881569, -123.7736439704895, -117.02271401882172, -159.75837606191635, -113.81331551074982, -154.3323141336441, -179.46372932195663, -181.23630166053772, -134.62697982788086, -113.37047153711319, -195.07517379522324, -112.59549450874329, -187.43489581346512, -112.26336163282394], "actor_losses": [-7.160182874202729, -8.561356724500657, -9.107197576165198, -4.105810663700104, -7.9383935344219205, -7.394694381356239, -3.788018133640289, -4.564531194567681, -5.169946948885918, -3.80435275554657, -4.450974869430065, -4.297275474667549, -3.7957048481702804, -2.163843801766634, -1.5275255745276808, -1.2680164549313486, -0.8926225481182337, -0.3242678419686854, -0.10070739363320172, -0.19673095162957907, 0.06445010233670473, -0.1479492816934362, -0.19442331237252802, 0.010059002253692597, 0.0061907458095811305, -0.030690124672837556, -0.1800183531222865, 0.05332961835432798, -0.15095078733284026, -0.006446542927296833], "critic_losses": [1.8646332637220622, 2.3424810643494127, 2.5371062956005335, 0.8671397446095943, 2.18055455096066, 2.0492336044460533, 0.7783287198469043, 1.104473120868206, 1.4321351137012244, 0.8094147878140211, 1.0671909183636308, 1.083785037873313, 0.795031186658889, 0.3817611215263605, 0.2064542980818078, 0.20392272749868937, 0.08696139435785881, 0.029328543688709487, 0.005438328600473596, 0.06943183222143035, 0.008617203956609955, 0.03960252208649081, 0.06675301573699016, 0.033032589995800665, 0.0348700005858268, 0.004184744605986453, 0.02857554157360937, 0.01364814559991828, 0.0216227971174726, 0.00994936256174924], "advantages": [-2.361259216964245, -2.841539287865162, -3.032683498710394, -1.348854611515999, -2.6700405018031597, -2.5484411883354188, -1.2574632903933525, -1.5890901876986028, -1.9162698610126971, -1.2917772161960601, -1.5407417532801628, -1.5299946227669716, -1.2616361844539643, -0.7860764372348785, -0.5607228827476501, -0.5408818697929383, -0.35953131437301633, -0.15790949821472167, -0.02625396251678467, -0.16103057861328124, 0.06208633422851562, -0.07781710624694824, -0.17836494445800782, 0.03683775901794434, 0.05570037841796875, 0.020754671096801756, -0.12994550228118895, 0.08179728984832764, -0.11176854133605957, 0.06252326011657715], "entropies": [3.0370204710960387, 3.0209880578517914, 3.017198132276535, 3.027215909957886, 2.932332317829132, 2.8871357429027555, 2.974184498786926, 2.8445590233802793, 2.827877995967865, 2.9498593473434447, 2.941898208856583, 2.9149108290672303, 2.872043970823288, 2.6750467443466186, 2.432676128745079, 2.3767362332344053, 2.3483916336297987, 1.8379283422231674, 1.5367388200759888, 1.346918878555298, 1.5469399505853654, 1.3340657910704612, 1.1384020772576333, 0.7393864937126636, 0.7596700564026833, 1.0535243836045265, 1.038502967953682, 1.0532264056801797, 0.8168950898945332, 0.530035343170166], "td_errors": [2.361259216964245, 2.841539287865162, 3.032683498710394, 1.348854611515999, 2.6700405018031597, 2.5484411883354188, 1.2574632903933525, 1.5890901876986028, 1.9162698610126971, 1.2917772161960601, 1.5407417532801628, 1.5299946227669716, 1.2616361844539643, 0.7860764372348785, 0.5644217658042908, 0.5444029116630554, 0.36526266813278196, 0.18076027870178224, 0.06854761600494384, 0.23337821960449218, 0.09307004928588868, 0.2057289695739746, 0.2455231285095215, 0.17722027778625488, 0.21635881423950196, 0.05706501960754395, 0.16926371097564696, 0.11521955966949463, 0.13686351776123046, 0.09476252555847169], "alive_cells": [18.12, 22.775, 24.67, 7.43, 20.505, 18.865, 7.0, 10.2, 13.405, 7.555, 10.97, 10.995, 7.605, 3.48, 1.865, 2.555, 1.125, 0.565, 0.24, 2.16, 0.085, 1.925, 3.06, 3.13, 1.025, 0.065, 3.755, 0.03, 3.42, 0.015], "density_values": [0.12583333333333324, 0.15815972222222224, 0.17131944444444436, 0.051597222222222225, 0.14239583333333322, 0.13100694444444452, 0.048611111111111216, 0.07083333333333346, 0.09309027777777784, 0.05246527777777771, 0.07618055555555554, 0.07635416666666682, 0.05281250000000006, 0.024166666666666642, 0.012951388888888882, 0.01774305555555555, 0.007812499999999988, 0.0039236111111111095, 0.0016666666666666672, 0.014999999999999982, 0.0005902777777777779, 0.013368055555555534, 0.021249999999999963, 0.021736111111111057, 0.007118055555555553, 0.000451388888888889, 0.026076388888888816, 0.00020833333333333332, 0.023749999999999938, 0.00010416666666666666], "policy_entropies": [3.036975063085556, 3.020759333372116, 3.0171816301345826, 3.026990280151367, 2.930986815690994, 2.886853598356247, 2.9731550002098084, 2.8420972645282747, 2.830745005607605, 2.9497315883636475, 2.942075047492981, 2.9143669283390046, 2.8700380659103395, 2.6729193037748336, 2.4305538189411164, 2.3783694463968277, 2.3451840484142306, 1.8368916022777557, 1.5341463923454284, 1.3491270700097084, 1.5476091128587723, 1.3324558115005494, 1.1384113818407058, 0.7380946477502585, 0.7611457924544811, 1.053860249519348, 1.0384303379058837, 1.0545649680495262, 0.8137874315679073, 0.5309047138690949]}