{"episode_rewards": [9.590277777777779, 9.611111111111112, 9.652777777777777, 9.625, 9.597222222222223, 9.6875, 9.555555555555555, 9.604166666666666, 9.645833333333334, 9.659722222222221, 9.555555555555557, 9.611111111111112, 9.597222222222221, 9.63888888888889, 9.59027777777778, 9.652777777777777, 9.61111111111111, 9.680555555555557, 9.590277777777779, 9.368055555555555, 9.645833333333334, 9.57638888888889, 9.611111111111112, 9.694444444444443, 9.583333333333332, 9.659722222222223, 9.604166666666666, 9.597222222222221, 9.583333333333334, 9.569444444444446, 9.534722222222223, 9.701388888888888, 9.555555555555555, 9.57638888888889, 9.666666666666666, 9.597222222222223, 9.458333333333334, 9.32638888888889, 9.54861111111111, 9.715277777777779, 9.541666666666666, 9.555555555555555, 9.673611111111112, 9.645833333333334, 9.618055555555555, 9.680555555555557, 9.687500000000002, 9.597222222222223, 9.57638888888889, 9.645833333333334, 9.541666666666666, 9.604166666666668, 9.645833333333334, 9.527777777777777, 9.6875, 9.583333333333332, 9.63888888888889, 9.645833333333334, 9.645833333333334, 9.520833333333334, 9.583333333333332, 9.625, 9.590277777777779, 9.534722222222223, 9.687500000000002, 9.583333333333334, 9.659722222222223, 9.604166666666666, 9.645833333333334, 9.631944444444445, 9.541666666666666, 9.666666666666668, 9.61111111111111, 9.61111111111111, 9.743055555555555, 9.604166666666666, 9.625, 9.57638888888889, 9.555555555555555, 9.604166666666666, 9.673611111111112, 9.694444444444446, 9.67361111111111, 9.652777777777779, 9.611111111111112, 9.631944444444446, 9.569444444444445, 9.6875, 9.673611111111112, 9.659722222222223, 9.645833333333332, 9.659722222222221, 9.625000000000002, 9.631944444444445, 9.562500000000002, 9.618055555555555, 9.534722222222221, 9.659722222222223, 9.590277777777777, 9.694444444444445], "policy_losses": [-0.00626629295293224, -0.0016861137264641002, -0.0013481796137058133, 0.00025694072246551514, 0.0008754700567805695, -0.00018487833949620835, -0.0003568872909447407, 0.0024400383874301212, -0.011111328029073775, 0.0015364259481422948, 0.002121295756660757, -0.009633959596976549, -0.00438770065084082, -0.012487024208530872, -0.02441580924205411, -0.0001976300147354948, -0.018508918490260484, 0.0033559039584361017, -0.006524881813675165, -0.0063347782474014735, -0.004366229477454908, -0.01030793618410808, -0.016593006858602877, -0.007581302372273058, -0.011830575438215973, -0.008858701586724749, -0.017581314779818058, -0.008125738939270377, -0.001998851360986098, -0.01140063260681945, -0.00527867514174396, -0.0039005562197416133, -0.00541120771085879, -0.013130962685681702, -0.002718454549903271, -0.012480620993301272, 0.0012773409660440382, -0.005934930488001533, -0.009173410595394671, -0.006658964487724184, -0.010227929032407879, -0.020035344175994396, -0.008503001951613243, -0.021271059149874816, -0.018001136463135836, -0.01270111785270256, -0.002014160074759186, -0.0070817917585372925, -0.0009935170150132677, -0.021026427624747157, -0.003446637152228482, -0.00989285404793927, -0.00901930492836911, -0.022479017032310367, -0.021462671039625292, -0.013642983185127022, -0.01787068718113005, -0.005506743887963239, -0.004713205900042539, -0.008393071428872467, -0.00543937977636233, -0.010834431857801974, -0.001158221060540754, -0.011657597031444311, -0.0036443621385835456, -0.01086495376657659, -0.00521272569312714, -0.01940747057087755, -0.004496300237951445, -0.006625770148821264, -0.001671333628451066, -0.003181743688765337, -0.016445277584717033, -0.008633738779462163, -0.011862614727579102, -0.005673995759572392, -0.015457408083602076, -0.008081285678781747, -0.007768863509409307, -0.006987628340721086, 0.0010556474386245185, -0.007360927574336706, -0.020684688165783838, -0.00709864193340759, -0.008068707515485496, -0.00916982959024537, -0.016845579026266932, -0.014640748524107128, 0.0006054520781617612, -0.0028547988273217584, -0.015865942835807445, -0.002990138510358342, -0.016099375672638416, -0.009789109090343029, -0.00654927205760103, -0.0010114729928316635, -0.006313770927954487, -0.0022234201431272638, -0.009159526322036982, -0.009407152165659127], "value_losses": [23.60269021987915, 23.03529691696167, 22.55840015411377, 21.52280616760254, 20.653202056884766, 19.464181900024414, 17.712334632873535, 16.268670082092285, 14.415715456008911, 13.041696310043335, 10.972095012664795, 9.014987707138062, 8.205425381660461, 7.634089231491089, 7.281688809394836, 6.972361922264099, 6.8230061531066895, 8.031688213348389, 5.71868622303009, 8.239816904067993, 7.9890241622924805, 6.182589411735535, 6.849557399749756, 7.545199394226074, 6.478282928466797, 7.048021912574768, 3.9024195075035095, 5.165495157241821, 5.884872317314148, 6.427749872207642, 4.280553817749023, 7.326420545578003, 5.205229163169861, 4.842556834220886, 7.407581925392151, 5.089084506034851, 5.12251877784729, 7.8841023445129395, 4.935796022415161, 4.725833058357239, 5.695528268814087, 2.9900203943252563, 5.758342504501343, 8.302323341369629, 5.181267023086548, 6.464449167251587, 6.319590449333191, 4.057597756385803, 3.833049237728119, 3.14295893907547, 4.977781414985657, 3.411776304244995, 9.290058851242065, 3.553616523742676, 12.415445327758789, 2.5314988493919373, 5.656902432441711, 6.784333229064941, 5.849571585655212, 5.234326720237732, 4.955368518829346, 3.2400267720222473, 4.70345675945282, 2.8397151827812195, 7.679014325141907, 5.358055472373962, 6.267017483711243, 2.9582508206367493, 3.606191873550415, 10.403339385986328, 4.79770815372467, 5.055921673774719, 2.7365148067474365, 2.8676557540893555, 2.511807382106781, 2.003780782222748, 2.273274004459381, 5.408335447311401, 3.902859389781952, 7.27534019947052, 8.564258337020874, 3.919063627719879, 3.720077335834503, 8.351946115493774, 2.0946682691574097, 5.9409085512161255, 1.9781224727630615, 7.695425391197205, 3.0644625425338745, 6.064572691917419, 6.9294410943984985, 7.1899027824401855, 6.468028664588928, 5.200963020324707, 7.270777106285095, 3.2207327485084534, 3.8540719747543335, 9.88284969329834, 3.7675653100013733, 8.537222385406494],