{"rewards": [2000.0, 2000.0, 2000.0, 2000.0, 2000.0, 2000.0, 2000.0, 2000.0, 2000.0, 2000.0, 2000.0, 2000.0, 2000.0, 2000.0, 2000.0, 2000.0, 2000.0, 2000.0, 2000.0, 2000.0, 2000.0, 2000.0, 2000.0, 2000.0, 2000.0, 2000.0], "actor_losses": [15.193693742752075, 15.232825074195862, 15.234685196876526, 15.244195489883422, 15.236777596473694, 15.129301872253418, 15.160330739021301, 15.054575796127319, 15.064284048080445, 15.101203269958496, 15.169738812446594, 15.21404465675354, 15.208675832748414, 15.080539698600768, 15.189443340301514, 15.12763282775879, 15.08557783126831, 15.15924925327301, 15.038467345237732, 15.099905939102173, 15.231411490440369, 15.24018401145935, 15.138347802162171, 14.976553015708923, 15.140588541030883, 14.849052987098695], "critic_losses": [9.501478891372681, 9.508940410614013, 9.50201352596283, 9.500787415504455, 9.501381568908691, 9.500282969474792, 9.498699159622193, 9.496617188453675, 9.496468138694762, 9.49451991558075, 9.493219184875489, 9.494253416061401, 9.491068339347839, 9.489706468582153, 9.489933609962463, 9.48636815071106, 9.487792239189147, 9.484650235176087, 9.476749305725098, 9.474209928512574, 9.481144652366638, 9.481204166412354, 9.470100150108337, 9.465298066139221, 9.47079180240631, 9.452395949363709], "advantages": [5.0, 5.0, 5.0, 5.0, 5.0, 5.0, 5.0, 5.0, 5.0, 5.0, 5.0, 5.0, 5.0, 5.0, 5.0, 5.0, 5.0, 5.0, 5.0, 5.0, 5.0, 5.0, 5.0, 5.0, 5.0, 5.0], "entropies": [3.041959602832794, 3.035764306783676, 3.040198343992233, 3.043083643913269, 3.0400052964687347, 3.0364762818813325, 3.0234164226055147, 3.030155396461487, 3.0236683928966523, 3.0294698345661164, 3.0216227185726168, 3.037846540212631, 3.0338480734825133, 3.0128368401527403, 3.0418760323524476, 3.0276007056236267, 3.0345303905010224, 3.0295539784431456, 3.016813131570816, 2.9991995322704317, 3.0337727081775667, 3.0338977861404417, 3.0220282602310182, 3.0083062279224397, 3.033409489393234, 2.961169059276581], "td_errors": [10.001478891372681, 10.008940410614013, 10.00201352596283, 10.000787415504455, 10.001381568908691, 10.000282969474792, 9.998699159622193, 9.996617188453675, 9.996468138694762, 9.99451991558075, 9.993219184875489, 9.994253416061401, 9.991068339347839, 9.989706468582153, 9.989933609962463, 9.98636815071106, 9.987792239189147, 9.984650235176087, 9.976749305725098, 9.974209928512574, 9.981144652366638, 9.981204166412354, 9.970100150108337, 9.965298066139221, 9.97079180240631, 9.952395949363709], "alive_cells": [11.955, 23.44, 10.17, 3.46, 13.71, 15.88, 23.635, 15.025, 18.885, 10.11, 14.395, 4.175, 10.505, 23.55, 1.845, 11.13, 4.86, 6.175, 9.66, 21.47, 5.845, 6.075, 15.65, 16.01, 2.06, 17.63], "density_values": [0.08302083333333339, 0.1627777777777778, 0.07062500000000006, 0.024027777777777762, 0.09520833333333338, 0.11027777777777771, 0.1641319444444445, 0.10434027777777778, 0.13114583333333335, 0.07020833333333334, 0.09996527777777783, 0.028993055555555577, 0.07295138888888891, 0.1635416666666666, 0.012812499999999996, 0.0772916666666667, 0.03374999999999998, 0.04288194444444442, 0.06708333333333327, 0.14909722222222224, 0.040590277777777836, 0.042187499999999975, 0.10868055555555553, 0.11118055555555556, 0.014305555555555564, 0.12243055555555556], "policy_entropies": [3.04193115234375, 3.035695791244507, 3.0401968955993652, 3.0430824756622314, 3.0400071144104004, 3.036407709121704, 3.0234289169311523, 3.030050039291382, 3.023583173751831, 3.029437303543091, 3.0217013359069824, 3.037846088409424, 3.0338659286499023, 3.0128121376037598, 3.0418570041656494, 3.0275719165802, 3.0344481468200684, 3.0295701026916504, 3.0167641639709473, 2.999385356903076, 3.0338034629821777, 3.03391170501709, 3.021968126296997, 3.008120059967041, 3.0333728790283203, 2.9610986709594727]}