{"episode_rewards": [9.763888888888888, 9.826388888888888, 9.881944444444443, 9.819444444444446, 9.854166666666666, 9.784722222222223, 9.88888888888889, 9.958333333333332, 9.819444444444443, 9.861111111111109, 9.868055555555555, 9.86111111111111, 9.902777777777777, 9.895833333333332, 9.916666666666666, 9.916666666666666, 9.916666666666666, 9.930555555555555, 9.930555555555555, 9.930555555555555, 9.930555555555555, 9.930555555555555, 9.930555555555555, 9.92361111111111, 9.930555555555555, 9.930555555555555, 9.930555555555555, 9.930555555555555, 9.930555555555555, 9.930555555555555], "policy_losses": [-0.0019168838858600878, -0.002055174080306088, -0.016633023833856342, 0.018496575579046493, -0.0507949909195311, 0.005849917513842229, 0.023602907184976374, -0.047722392901778266, -0.0009803913882961979, 0.01498315641656589, -0.030841667018830954, 0.028230835869909043, 0.0003532021772088001, 0.0016267857514336015, -0.030129473097623816, -0.018687040638177166, -0.0225829951465073, -0.0007872328453231159, -0.00023080706159817055, -8.199661970209604e-05, -2.9321387046366e-05, -1.2552738189341994e-05, -6.384402490677843e-06, -0.0016560852527618408, -1.1518597773374495e-06, -2.4452805966745927e-06, -1.8209218866083177e-06, 4.604458765378183e-07, 1.4930963345705095e-06, 2.175569520090903e-07], "value_losses": [23.23655605316162, 22.806975841522217, 22.622672080993652, 17.284820795059204, 13.747928261756897, 13.751695156097412, 13.844345211982727, 15.294928073883057, 8.037700772285461, 8.72600257396698, 8.951868414878845, 11.75580632686615, 8.337908744812012, 7.417365849018097, 5.722179055213928, 5.41229510307312, 4.182587087154388, 3.4452913403511047, 2.9169560074806213, 2.4357597827911377, 1.6486453413963318, 1.1628262996673584, 0.842444434762001, 0.6083483994007111, 0.4449908547103405, 0.33916448429226875, 0.2833259701728821, 0.25929053872823715, 0.25104505382478237, 0.24866201542317867], "entropies": [3.04362416267395, 3.0379711389541626, 3.0109277963638306, 2.9470857977867126, 2.768534004688263, 2.4575348496437073, 1.9313527941703796, 1.5020366609096527, 1.2954192757606506, 1.075627863407135, 1.0453684628009796, 0.995778039097786, 0.9766413122415543, 0.9770298600196838, 0.8685469627380371, 0.5725802034139633, 0.26473935693502426, 0.09082816354930401, 0.03577028214931488, 0.01642470248043537, 0.009142410010099411, 0.006055531441234052, 0.004552270635031164, 0.0043646590784192085, 0.007177908788435161, 0.011307779233902693, 0.01595708471722901, 0.020910983439534903, 0.026275566313415766, 0.0324198929592967], "density_values": [0.01388888888888889, 0.013194444444444444, 0.02013888888888889, 0.01666666666666667, 0.015972222222222224, 0.010416666666666666, 0.01666666666666667, 0.02361111111111111, 0.0125, 0.013888888888888892, 0.014583333333333334, 0.01388888888888889, 0.018055555555555557, 0.017361111111111112, 0.019444444444444445, 0.019444444444444445, 0.019444444444444445, 0.020833333333333336, 0.020833333333333336, 0.020833333333333336, 0.020833333333333336, 0.020833333333333336, 0.020833333333333336, 0.020138888888888894, 0.020833333333333336, 0.020833333333333336, 0.020833333333333336, 0.020833333333333336, 0.020833333333333336, 0.020833333333333336], "avg_state_values": [0.023189106956124306, 0.52287358045578, 1.4094172716140747, 2.6029200553894043, 4.596709251403809, 7.159303188323975, 11.826337814331055, 18.431766510009766, 23.832019805908203, 30.414077758789062, 36.19287872314453, 41.401092529296875, 48.119728088378906, 53.5953483581543, 59.67484664916992, 62.573089599609375, 65.8096694946289, 69.70104217529297, 72.34113311767578, 75.16661834716797, 77.89021301269531, 79.80975341796875, 81.16352844238281, 82.16755676269531, 82.96161651611328, 83.59925842285156, 84.05587005615234, 84.3731460571289, 84.57881164550781, 84.70634460449219]}