{"episode_rewards": [9.770833333333332, 9.694444444444445, 9.659722222222221, 9.8125, 9.791666666666666, 9.736111111111112, 9.638888888888888, 9.666666666666666, 9.67361111111111, 9.868055555555555, 9.736111111111112, 9.6875, 9.854166666666666, 9.791666666666666, 9.875, 9.631944444444445, 9.680555555555555, 9.729166666666668, 9.750000000000002, 9.840277777777779, 9.715277777777779, 9.833333333333332, 9.76388888888889, 9.756944444444446, 9.729166666666666, 9.61111111111111, 9.770833333333332, 9.86111111111111, 9.874999999999998, 9.881944444444445, 9.840277777777779, 9.8125, 9.833333333333332, 9.847222222222221, 9.73611111111111, 9.819444444444445, 9.729166666666666, 9.8125, 9.777777777777777, 9.840277777777779, 9.791666666666666, 9.777777777777777, 9.701388888888888, 9.756944444444445, 9.666666666666668, 9.743055555555555, 9.743055555555555, 9.763888888888888, 9.784722222222221, 9.874999999999998, 9.770833333333334, 9.722222222222221, 9.722222222222221, 9.73611111111111, 9.76388888888889, 9.729166666666666, 9.73611111111111, 9.756944444444445, 9.73611111111111, 9.8125, 9.76388888888889, 9.75, 9.729166666666666, 9.715277777777777, 9.777777777777779, 9.833333333333332, 9.777777777777777, 9.791666666666666, 9.743055555555555, 9.777777777777777, 9.763888888888888, 9.854166666666666, 9.79861111111111, 9.722222222222221, 9.847222222222223, 9.770833333333332, 9.79861111111111, 9.819444444444445, 9.770833333333334, 9.8125, 9.840277777777779, 9.79861111111111, 9.819444444444443, 9.86111111111111, 9.798611111111112, 9.770833333333332, 9.79861111111111, 9.8125, 9.8125, 9.729166666666666, 9.79861111111111, 9.784722222222221, 9.791666666666666, 9.812499999999998, 9.798611111111112, 9.743055555555555, 9.777777777777779, 9.805555555555555, 9.82638888888889, 9.805555555555555], "policy_losses": [-0.007512009120546281, -0.0025298952765298033, -0.009599709650501609, -0.005465264513622614, 0.0006061908439729535, 0.020798816066236014, -0.015082586463540437, -0.021416122745722355, -0.03072201581671763, -0.033963382523506835, -0.009322479373076842, -0.014137582900001888, -0.01111265062354505, -0.05370116699486971, -0.01639344743452975, -0.01900217132642723, -0.04645484890788776, -0.029680365789680252, -0.028243140131234412, -0.014010268682613791, -0.024189032800495447, -0.0321759794838723, -0.021916626021265984, -0.022776268981397063, -0.040637862496077926, -0.046699016354978085, -0.043600310012699595, -0.022945933509618044, 0.0006146371248174631, -0.03579297307878804, -0.0041438313084647405, -0.03006997639313269, -0.01782657951116562, -0.004123404645360651, -0.01714751557447025, 0.0037998795160092413, -0.03920626956969642, -0.013697730703279287, -0.007491083303466484, 0.00031962395878437633, -0.017669693892822025, -0.014278383506461267, -0.04844505488872519, 0.02899846900254488, -0.02818466108292339, -0.000971497526188525, -0.0007807180169039363, -0.004228656877967474, -0.020979228895157576, 0.006817868212237954, -0.04330533677712012, 2.086162620429377e-08, -8.940696849535357e-09, 0.0013061150850255387, -0.011929404875264282, 4.9853324663118315e-05, -0.0035973519145047206, -0.010051423392724246, -0.002256099856094096, -0.010529157519339805, -0.006598620186558435, -0.0295526444911971, -0.00021634326549246907, -0.0016974308062351895, -8.940682150182511e-07, -0.002243232751061086, -0.010486303176731049, -0.03716420056298375, -0.012751568807289004, -0.016026235744357464, -0.028567741811276193, -0.02076352424919603, -0.020187648152933946, -0.0070969329332001285, -0.026183626102284308, -0.031005281303077226, -0.018929997598752024, -0.027437347639352794, -0.004998390527907737, -0.012649710965343175, -0.02761003384366667, -0.016777123778592085, -0.0027712464856448626, -0.025837271194905753, -0.048429957404731994, -0.031090497598051936, -0.007024535431991552, -0.0029933005571365356, -0.01956484685651816, 0.007824456552043557, -0.0006790965897378598, -0.012159994523972983, -0.007489710836672714, -0.012619972229003906, -0.008721241564490612, -0.01202226403402129, -0.014622494473588432, -0.004853987775277346, -0.012969593633897603, -0.01066467640921509], "value_losses": [23.578248977661133, 21.309068202972412, 18.619616985321045, 13.166297197341919, 9.063017129898071, 7.30292022228241, 21.201387882232666, 5.569422006607056, 5.603015780448914, 9.480258464813232, 6.707105040550232, 4.36137855052948, 3.7373231649398804, 2.9857357144355774, 11.788825750350952, 6.467305302619934, 3.4794155955314636, 4.801125526428223, 2.147591382265091, 7.457847595214844, 1.2670532166957855, 5.633997440338135, 6.721555233001709, 2.495745062828064, 1.4287731349468231, 0.8052871823310852, 5.051561594009399, 11.538962602615356, 8.45472526550293, 7.714741110801697, 6.846393823623657, 6.531554341316223, 6.596747994422913, 8.436543941497803, 9.874425411224365, 6.702276110649109, 3.2767010927200317, 7.8475892543792725, 8.64610505104065, 5.019075870513916, 5.766990423202515, 3.100912034511566, 4.011444807052612, 12.462406873703003, 5.050817370414734, 12.758820056915283, 9.757016658782959, 7.221306324005127, 9.813509464263916, 7.199513673782349, 5.65209686756134, 8.441807985305786, 7.89919638633728, 7.188146710395813, 6.985263228416443, 7.274980068206787, 4.05728280544281, 7.740310192108154, 7.652556777000427, 8.656981468200684, 2.782697916030884, 3.849752187728882, 4.814018964767456, 3.4312888383865356, 13.686747550964355, 10.65597414970398, 9.664303541183472, 8.84526777267456, 7.735373377799988, 7.123198747634888, 7.554046392440796, 5.604208469390869, 8.226105451583862, 2.649400532245636, 7.985968828201294, 7.197285413742065, 3.4823611974716187, 8.528550386428833, 6.223886251449585, 7.389689803123474, 7.582722306251526, 6.815285921096802, 7.202869892120361, 6.610698938369751, 7.202820658683777, 5.388812780380249, 6.328017830848694, 8.071088552474976, 7.095431566238403, 2.5536872148513794, 7.217383623123169, 7.436566948890686, 7.117005825042725, 9.13658094406128, 5.408958196640015, 2.2933968603610992, 3.8951886892318726, 7.564825654029846, 7.933879256248474, 6.793302297592163],