{"episode_rewards": [5.3125, 5.263888888888889, 5.243055555555555, 5.236111111111111, 5.256944444444445, 5.277777777777778, 5.270833333333334, 5.229166666666667, 5.368055555555555, 5.284722222222221, 5.326388888888888, 5.25, 5.284722222222222, 5.326388888888888, 5.256944444444445, 5.256944444444445, 5.222222222222221, 5.326388888888889, 5.284722222222221, 5.243055555555555, 5.256944444444445, 5.25, 5.277777777777777, 5.263888888888889, 5.256944444444445, 5.229166666666666, 5.305555555555555, 5.25, 5.284722222222222, 5.305555555555555], "policy_losses": [-0.001817308405104967, -0.001269711162422027, -0.002664163737790659, -0.0018252283480251208, 0.0026123752953335355, -0.007086417792987021, -0.002166353146698441, -0.010602851825145088, -0.025061732468504516, -0.008503106112281777, 0.0006509348895633593, -0.012935295507001676, -0.011409476593446044, -0.012280469023002283, -0.008139363082591444, -0.0033747628379696692, -0.00928337710987126, -0.01460985544448068, -0.007442104222718626, -0.0071630163583904505, -0.005680059354441269, -0.010006929437319734, -0.010621766288143819, -0.0154945122388499, -0.012678028355973536, -0.011201542530519193, -0.01742885393711413, -0.004660864593461156, -0.009567899047397077, -0.005602867730582828], "value_losses": [8.929810523986816, 8.393879413604736, 7.6519153118133545, 7.374794125556946, 6.040645480155945, 4.953455090522766, 4.464017391204834, 3.5930912494659424, 3.2351187467575073, 2.1884137392044067, 3.066082775592804, 1.9736317694187164, 4.337937593460083, 2.714745044708252, 2.516989529132843, 1.9667831361293793, 2.654732346534729, 2.0572798252105713, 1.4799939095973969, 1.1039602756500244, 2.3353147506713867, 1.013887494802475, 1.5574761927127838, 0.6350791305303574, 1.6208613812923431, 1.6190035045146942, 0.896639883518219, 1.5170884430408478, 1.3722303807735443, 2.2157856225967407], "entropies": [3.044282555580139, 3.0440399050712585, 3.043545722961426, 3.043425977230072, 3.0399693846702576, 3.0366472601890564, 3.03315407037735, 3.029882311820984, 2.995706260204315, 3.003324568271637, 2.96469646692276, 2.9799904823303223, 2.944043457508087, 2.9475940465927124, 2.966833710670471, 2.9783308506011963, 2.9660391807556152, 2.9418710470199585, 2.9671378135681152, 2.9665379524230957, 2.9451889991760254, 2.9742082357406616, 2.9490290880203247, 2.9515666365623474, 2.9517511129379272, 2.9832334518432617, 2.9654473662376404, 2.9873104095458984, 2.966982126235962, 2.960428297519684], "density_values": [0.012731481481481483, 0.016203703703703703, 0.01273148148148148, 0.0023148148148148147, 0.010416666666666666, 0.011574074074074075, 0.01273148148148148, 0.003472222222222222, 0.03819444444444444, 0.008101851851851851, 0.01736111111111111, 0.004629629629629629, 0.024305555555555552, 0.026620370370370367, 0.008101851851851853, 0.012731481481481483, 0.018518518518518517, 0.024305555555555552, 0.010416666666666666, 0.008101851851851851, 0.019675925925925927, 0.009259259259259259, 0.032407407407407406, 0.004629629629629629, 0.008101851851851851, 0.010416666666666666, 0.020833333333333332, 0.009259259259259259, 0.008101851851851851, 0.018518518518518514], "avg_state_values": [0.045697808265686035, 0.15724599361419678, 0.2708074748516083, 0.3163663446903229, 0.7004024386405945, 0.9406796097755432, 1.168325424194336, 1.3761659860610962, 2.5090582370758057, 2.3525047302246094, 3.3691253662109375, 3.14424204826355, 3.8553526401519775, 3.771226167678833, 3.3084030151367188, 2.858546495437622, 2.92041277885437, 3.201458692550659, 2.8248519897460938, 2.8348312377929688, 3.3120720386505127, 2.6664257049560547, 3.3382060527801514, 3.2646102905273438, 3.6441802978515625, 2.840153932571411, 3.213730812072754, 2.7134292125701904, 3.435692071914673, 3.643348455429077]}