{"rewards": [2000.0, 2000.0, 2000.0, 2000.0, 2000.0], "actor_losses": [30.481489448547364, 30.294593620300294, 30.37039224624634, 30.01415650367737, 29.954520568847656], "critic_losses": [9.504079494476319, 9.505674695968628, 9.501983551979064, 9.503087949752807, 9.497997546195984], "advantages": [10.004079494476319, 10.005674695968628, 10.001983551979064, 10.003087949752807, 9.997997546195984], "entropies": [3.039822167158127, 3.032835932970047, 3.042104722261429, 3.0111354899406435, 3.0089250683784483], "td_errors": [10.004079494476319, 10.005674695968628, 10.001983551979064, 10.003087949752807, 9.997997546195984], "alive_cells": [15.725, 15.565, 1.99, 17.48, 24.945], "density_values": [0.10920138888888888, 0.10809027777777783, 0.01381944444444444, 0.12138888888888884, 0.17322916666666674], "policy_entropies": [3.0397701263427734, 3.0327227115631104, 3.0420637130737305, 3.010641574859619, 3.0090274810791016]}